,lat,lon
0,40.612914,-74.062617
1,40.594923,-74.077637
2,40.595613,-74.078075
3,40.596119,-74.078396
4,40.596619,-74.079132
5,40.596462,-74.079567
6,40.596053,-74.079935
7,40.595311,-74.079593
8,40.594358,-74.078278
9,40.587356,-74.103349
10,40.587831,-74.102832
11,40.588091,-74.101174
12,40.58791,-74.100814
13,40.586396,-74.10081
14,40.587062,-74.10086
15,40.586374,-74.102586
16,40.586726,-74.103104
17,40.63652,-74.119539
18,40.636634,-74.118564
19,40.636614,-74.118755
20,40.636602,-74.118842
21,40.635965,-74.117698
22,40.634611,-74.118484
23,40.634622,-74.118396
24,40.634496,-74.120061
25,40.63449,-74.119873
26,40.634591,-74.118718
27,40.63466,-74.118011
28,40.6355,-74.117618
29,40.635848,-74.117682
30,40.636922,-74.118905
31,40.634478,-74.120477
32,40.634443,-74.120471
33,40.607444,-74.120801
34,40.60659,-74.120134
35,40.606728,-74.118664
36,40.606779,-74.118179
37,40.608448,-74.118498
38,40.608742,-74.118519
39,40.606834,-74.121161
40,40.633254,-74.16497
41,40.633289,-74.163685
42,40.633694,-74.161964
43,40.63366,-74.163162
44,40.633297,-74.163855
45,40.633314,-74.163136
46,40.632818,-74.1619
47,40.632048,-74.16192
48,40.631929,-74.164406
49,40.631682,-74.163169
50,40.63198,-74.163039
51,40.632999,-74.164982
52,40.631859,-74.165033
53,40.631624,-74.1629
54,40.632016,-74.163138
55,40.632162,-74.163855
56,40.631841,-74.163971
57,40.631639,-74.162705
58,40.630378,-74.162423
59,40.630381,-74.162597
60,40.630398,-74.163031
61,40.630413,-74.163576
62,40.647202,-74.087698
63,40.646899,-74.088191
64,40.645713,-74.087906
65,40.644725,-74.087078
66,40.644825,-74.087238
67,40.623509,-74.082568
68,40.623748,-74.081547
69,40.622287,-74.082464
70,40.621933,-74.082264
71,40.621265,-74.081102
72,40.62138,-74.080744
73,40.643656,-74.086695
74,40.642013,-74.096823
75,40.642045,-74.096432
76,40.642118,-74.095771
77,40.642166,-74.095359
0,40.749502,-74.003017
1,40.74914,-74.003162
2,40.781322,-73.945628
3,40.782258,-73.945209
4,40.781496,-73.945752
5,40.780615,-73.946385
6,40.780789,-73.946375
7,40.838535,-73.943953
8,40.796065,-73.938128
9,40.795969,-73.937899
10,40.795873,-73.93767
11,40.795283,-73.936201
12,40.794712,-73.936603
13,40.794265,-73.936929
14,40.794714,-73.93659
15,40.794027,-73.938156
16,40.794183,-73.938528
17,40.79487,-73.939176
18,40.794941,-73.939532
19,40.795966,-73.94122
20,40.796183,-73.941066
21,40.796882,-73.940554
22,40.797006,-73.940411
23,40.796325,-73.938523
24,40.795994,-73.93876
25,40.815642,-73.956743
26,40.817261,-73.956755
27,40.81607,-73.954552
28,40.816372,-73.954336
29,40.817423,-73.953566
30,40.815601,-73.956474
31,40.818209,-73.95421
32,40.818738,-73.954389
33,40.789399,-73.943568
34,40.785657,-73.974743
35,40.832428,-73.942109
36,40.79129,-73.967382
37,40.797382,-73.946992
38,40.797997,-73.948168
39,40.797223,-73.946613
40,40.712303,-73.986623
41,40.713317,-73.986782
42,40.713161,-73.985876
43,40.786287,-73.945842
44,40.78702,-73.947261
45,40.787231,-73.945157
46,40.787819,-73.947159
47,40.788455,-73.945755
48,40.788397,-73.945613
49,40.788339,-73.945471
50,40.788806,-73.945699
51,40.78907,-73.946267
52,40.789643,-73.945849
53,40.789936,-73.945313
54,40.787536,-73.944562
55,40.787814,-73.944176
56,40.787352,-73.944123
57,40.796573,-73.944246
58,40.797524,-73.944122
59,40.797118,-73.942964
60,40.797906,-73.942389
61,40.796163,-73.943171
62,40.796508,-73.941324
63,40.796183,-73.941557
64,40.796957,-73.942586
65,40.819025,-73.954178
66,40.819002,-73.954125
67,40.81845,-73.952819
68,40.811834,-73.936121
69,40.809714,-73.936077
70,40.809669,-73.936108
71,40.810116,-73.937215
72,40.810696,-73.936792
73,40.811012,-73.936562
74,40.811478,-73.936213
75,40.811609,-73.936614
76,40.811066,-73.937017
77,40.810539,-73.937401
78,40.810803,-73.937209
79,40.811445,-73.93833
80,40.812553,-73.937516
81,40.81133,-73.936825
82,40.79629,-73.964771
83,40.794937,-73.964171
84,40.797056,-73.964209
85,40.797405,-73.963957
86,40.797418,-73.963095
87,40.797521,-73.963876
88,40.796604,-73.965037
89,40.797069,-73.964695
90,40.796982,-73.964759
91,40.796325,-73.963415
92,40.796181,-73.962077
93,40.796227,-73.965314
94,40.795841,-73.965598
95,40.795983,-73.965493
96,40.798235,-73.965056
97,40.797802,-73.967393
98,40.798435,-73.966934
99,40.832891,-73.943596
100,40.833283,-73.941978
101,40.797283,-73.940199
102,40.79747,-73.937235
103,40.817402,-73.939275
104,40.81839,-73.939706
105,40.818833,-73.941011
106,40.818751,-73.941073
107,40.816647,-73.939435
108,40.816598,-73.939317
109,40.819603,-73.940689
110,40.818552,-73.940995
111,40.818266,-73.940434
112,40.816921,-73.940084
113,40.816896,-73.940025
114,40.816616,-73.939361
115,40.811686,-73.947325
116,40.81133,-73.949422
117,40.811492,-73.94687
118,40.810648,-73.947797
119,40.811086,-73.94884
120,40.813288,-73.948645
121,40.81186,-73.946852
122,40.813363,-73.947482
123,40.813227,-73.94716
124,40.813001,-73.946606
125,40.812662,-73.945774
126,40.829266,-73.937472
127,40.831362,-73.935988
128,40.830988,-73.936243
129,40.831725,-73.935746
130,40.820348,-73.938549
131,40.82037,-73.938601
132,40.820693,-73.939622
133,40.820582,-73.939701
134,40.820471,-73.93978
135,40.820075,-73.938951
136,40.820016,-73.938811
137,40.819971,-73.938704
138,40.819881,-73.93849
139,40.819814,-73.938329
140,40.819791,-73.938276
141,40.819701,-73.938062
142,40.819657,-73.937955
143,40.818903,-73.937679
144,40.818756,-73.937788
145,40.818991,-73.93833
146,40.819127,-73.938649
147,40.81915,-73.938702
148,40.819172,-73.938755
149,40.819218,-73.938861
150,40.820069,-73.940073
151,40.819958,-73.940154
152,40.819736,-73.940318
153,40.820236,-73.940201
154,40.81924,-73.938914
155,40.820041,-73.936931
156,40.820085,-73.937035
157,40.820129,-73.937139
158,40.820217,-73.937348
159,40.820261,-73.937452
160,40.820305,-73.937556
161,40.820194,-73.938184
162,40.820304,-73.938444
163,40.812774,-73.956463
164,40.812608,-73.956584
165,40.812116,-73.956945
166,40.812139,-73.955503
167,40.826857,-73.937344
168,40.827337,-73.937016
169,40.825991,-73.93759
170,40.826668,-73.937778
171,40.826745,-73.937956
172,40.826871,-73.934962
173,40.826644,-73.935042
174,40.826552,-73.938968
175,40.709219,-73.997342
176,40.709166,-73.997683
177,40.71115,-74.000069
178,40.710577,-74.000597
179,40.711667,-73.99921
180,40.711508,-73.999706
181,40.711759,-73.998267
182,40.720264,-73.978773
183,40.721996,-73.988912
184,40.711544,-73.982687
185,40.713316,-73.981579
186,40.711665,-73.981059
187,40.711953,-73.980898
188,40.712353,-73.980951
189,40.71318,-73.98105
190,40.713493,-73.982897
191,40.713569,-73.982252
192,40.71283,-73.980578
193,40.713476,-73.980639
194,40.712297,-73.980509
195,40.713203,-73.980619
196,40.711944,-73.983513
197,40.712192,-73.983546
198,40.712632,-73.983609
199,40.711474,-73.983799
200,40.713114,-73.983296
201,40.71151,-73.983388
202,40.713182,-73.98272
203,40.711491,-73.983562
204,40.711496,-73.983546
205,40.713256,-73.982088
206,40.711494,-73.98347
207,40.712443,-73.979503
208,40.717048,-73.986126
209,40.789131,-73.973712
210,40.788146,-73.968604
211,40.788169,-73.968659
212,40.788192,-73.968714
213,40.78792,-73.969127
214,40.787943,-73.969182
215,40.787966,-73.969237
216,40.721999,-73.980903
217,40.723581,-73.979467
218,40.723537,-73.98077
219,40.723378,-73.98127
220,40.723025,-73.978619
221,40.722816,-73.979125
222,40.799431,-73.933154
223,40.800592,-73.932307
224,40.800421,-73.934788
225,40.80104,-73.934352
226,40.801392,-73.933169
227,40.836713,-73.938059
228,40.837043,-73.937951
229,40.837073,-73.938021
230,40.837088,-73.938056
231,40.837103,-73.938091
232,40.837099,-73.938955
233,40.837483,-73.938422
234,40.74135,-73.979841
235,40.740866,-73.979729
236,40.740113,-73.976936
237,40.721713,-73.990913
238,40.721988,-73.990227
239,40.721867,-73.989824
240,40.721533,-73.98934
241,40.799439,-73.96891
242,40.799353,-73.9687
243,40.799708,-73.968477
244,40.798207,-73.967593
245,40.795684,-73.947745
246,40.79566,-73.946943
247,40.794508,-73.948606
248,40.794555,-73.94817
249,40.793403,-73.948581
250,40.793173,-73.948034
251,40.725398,-73.974531
252,40.725765,-73.974266
253,40.725926,-73.974148
254,40.724012,-73.973839
255,40.723598,-73.974094
256,40.72347,-73.974172
257,40.723026,-73.974447
258,40.724651,-73.974229
259,40.724395,-73.975273
260,40.723715,-73.975774
261,40.724226,-73.974093
262,40.722296,-73.97477
263,40.722355,-73.974329
264,40.722075,-73.974839
265,40.721873,-73.974901
266,40.722166,-73.975677
267,40.722593,-73.976705
268,40.723003,-73.9763
269,40.723489,-73.975939
270,40.792765,-73.937149
271,40.713039,-73.997412
272,40.713358,-73.997503
273,40.710955,-74.000817
274,40.712762,-73.989803
275,40.712506,-73.989749
276,40.713135,-73.988336
277,40.711679,-73.986897
278,40.712683,-73.987564
279,40.711572,-73.987957
280,40.712483,-73.992087
281,40.711715,-73.991925
282,40.712463,-73.990178
283,40.71278,-73.989816
284,40.712317,-73.992073
285,40.723061,-73.98596
286,40.723235,-73.985832
287,40.723476,-73.985656
288,40.723721,-73.985892
289,40.72387,-73.986248
290,40.723946,-73.98643
291,40.724105,-73.986811
292,40.724179,-73.986986
293,40.72327,-73.98798
294,40.72037,-73.991065
295,40.716752,-73.988892
296,40.79228,-73.971688
297,40.790406,-73.9731
298,40.717326,-73.978464
299,40.717821,-73.978193
300,40.716383,-73.979703
301,40.716438,-73.979886
302,40.717021,-73.980025
303,40.717661,-73.979679
304,40.718205,-73.979403
305,40.718531,-73.97924
306,40.717304,-73.979867
307,40.717895,-73.975518
308,40.717207,-73.975798
309,40.716649,-73.976044
310,40.715902,-73.97639
311,40.717057,-73.978081
312,40.716287,-73.979398
313,40.717398,-73.977927
314,40.717816,-73.978255
315,40.71783,-73.977723
316,40.728661,-73.977891
317,40.729087,-73.977652
318,40.767235,-73.958257
319,40.719409,-73.98172
320,40.718522,-73.982136
321,40.782493,-73.953283
322,40.7206,-73.978037
323,40.721051,-73.977712
324,40.721628,-73.977291
325,40.721864,-73.977119
326,40.721382,-73.977468
327,40.721941,-73.976034
328,40.72065,-73.976876
329,40.720412,-73.975181
330,40.721809,-73.975717
331,40.719546,-73.977155
332,40.720253,-73.974868
333,40.719483,-73.976869
334,40.720112,-73.97518
335,40.720399,-73.975183
336,40.721399,-73.975012
337,40.716562,-73.992105
338,40.749196,-74.002294
339,40.748625,-74.000913
340,40.74245,-74.004353
341,40.743087,-74.004945
342,40.74297,-74.004668
343,40.743399,-74.005684
344,40.743532,-74.005109
345,40.743376,-74.004739
346,40.743354,-74.003864
347,40.805971,-73.952601
348,40.822323,-73.93715
349,40.822702,-73.938161
350,40.822577,-73.938251
351,40.822452,-73.938341
352,40.798169,-73.969787
353,40.797051,-73.96843
354,40.79865,-73.947683
355,40.799366,-73.94715
356,40.798818,-73.945951
357,40.798662,-73.945569
358,40.798889,-73.944857
359,40.797323,-73.945979
360,40.788612,-73.940203
361,40.787205,-73.941809
362,40.788799,-73.940654
363,40.788466,-73.939854
364,40.788406,-73.939711
365,40.787166,-73.941718
366,40.78689,-73.941077
367,40.788386,-73.939663
368,40.788306,-73.939471
369,40.786871,-73.941031
370,40.78905,-73.940355
371,40.788862,-73.939904
372,40.788753,-73.939645
373,40.724917,-73.977546
374,40.724691,-73.977978
375,40.72389,-73.979242
376,40.749912,-74.002333
377,40.749058,-74.001066
378,40.800741,-73.949215
379,40.800331,-73.948262
380,40.800055,-73.947623
381,40.799725,-73.947381
382,40.800234,-73.950656
383,40.799003,-73.947916
384,40.79921,-73.950408
385,40.798801,-73.949445
386,40.798525,-73.948799
387,40.798353,-73.948401
388,40.788169,-73.950836
389,40.787878,-73.94969
390,40.787565,-73.949427
391,40.786855,-73.948819
392,40.79166,-73.948446
393,40.84507,-73.93315
394,40.845711,-73.932756
395,40.845805,-73.932979
396,40.845471,-73.933077
397,40.845163,-73.933375
398,40.845422,-73.932963
399,40.844852,-73.933527
400,40.844899,-73.93364
401,40.844946,-73.933753
402,40.791645,-73.969129
403,40.7898,-73.968631
404,40.791363,-73.969519
405,40.791386,-73.969577
406,40.79141,-73.969633
407,40.791433,-73.96969
408,40.791457,-73.969748
409,40.79148,-73.969805
410,40.791503,-73.969863
411,40.791527,-73.969919
412,40.79155,-73.969976
413,40.791574,-73.970033
414,40.788577,-73.967663
415,40.788599,-73.967716
416,40.788621,-73.96777
417,40.788643,-73.967823
418,40.788665,-73.967877
419,40.788722,-73.968014
420,40.788744,-73.968069
421,40.788768,-73.968125
422,40.788791,-73.968181
423,40.788815,-73.968236
424,40.788838,-73.968292
425,40.78909,-73.968898
426,40.789113,-73.968953
427,40.789136,-73.969008
428,40.789159,-73.969063
429,40.788165,-73.967756
430,40.788188,-73.96781
431,40.788211,-73.967863
432,40.788234,-73.967919
433,40.788273,-73.968009
434,40.78956,-73.970013
435,40.789888,-73.971874
436,40.743606,-74.003481
437,40.744254,-74.004079
438,40.744112,-74.003743
439,40.744185,-74.003028
440,40.803259,-73.939254
441,40.803049,-73.939822
442,40.801363,-73.939859
443,40.80097,-73.940147
444,40.80269,-73.954861
445,40.802713,-73.954916
446,40.802735,-73.954969
447,40.802757,-73.955023
448,40.802779,-73.955075
449,40.802801,-73.955129
450,40.802823,-73.955182
451,40.802845,-73.955237
452,40.802867,-73.95529
453,40.80289,-73.955343
454,40.802912,-73.955396
455,40.802934,-73.95545
456,40.802956,-73.955503
457,40.802978,-73.955558
458,40.804084,-73.952021
459,40.803925,-73.95273
460,40.81517,-73.958282
461,40.814983,-73.958423
462,40.814389,-73.957485
463,40.813617,-73.95876
464,40.813378,-73.958193
465,40.768691,-73.990041
466,40.768277,-73.991043
467,40.803963,-73.947861
468,40.786697,-73.947973
469,40.785782,-73.948153
470,40.786048,-73.946013
471,40.797246,-73.929688
472,40.797833,-73.929345
473,40.797744,-73.93107
474,40.798272,-73.932388
475,40.797951,-73.929803
476,40.798776,-73.929623
477,40.799482,-73.929897
478,40.801098,-73.93144
479,40.800917,-73.931573
480,40.799769,-73.93001
481,40.799824,-73.930513
482,40.800433,-73.930976
483,40.800728,-73.931582
484,40.788935,-73.951705
485,40.788996,-73.951848
486,40.790014,-73.951887
487,40.789336,-73.950956
488,40.790585,-73.950719
489,40.790659,-73.950895
490,40.790901,-73.950579
491,40.791918,-73.949988
492,40.792006,-73.950201
493,40.792221,-73.950269
494,40.791322,-73.949525
495,40.802299,-73.954832
496,40.802322,-73.954885
497,40.802345,-73.954938
498,40.80185,-73.95378
499,40.801873,-73.953835
500,40.801897,-73.953892
501,40.80192,-73.953948
502,40.801943,-73.954003
503,40.801967,-73.954059
504,40.80199,-73.954115
505,40.802013,-73.954171
506,40.802046,-73.954249
507,40.802069,-73.954302
508,40.802092,-73.954355
509,40.802115,-73.954408
510,40.802138,-73.954461
511,40.802161,-73.954514
512,40.802184,-73.954567
513,40.802207,-73.95462
514,40.80223,-73.954673
515,40.802253,-73.954726
516,40.802276,-73.954779
517,40.80076,-73.955068
518,40.805637,-73.942057
519,40.772376,-73.986433
520,40.772787,-73.986129
521,40.773213,-73.985817
522,40.7737,-73.989139
523,40.773415,-73.989354
524,40.773803,-73.987467
525,40.77373,-73.989208
526,40.773445,-73.989423
527,40.773765,-73.989288
528,40.773475,-73.989492
529,40.772409,-73.988
530,40.773147,-73.988588
531,40.773495,-73.989538
532,40.774507,-73.986146
533,40.794932,-73.946019
534,40.794254,-73.945046
535,40.793728,-73.945438
536,40.794312,-73.946478
537,40.79226,-73.947993
538,40.796409,-73.944939
539,40.796504,-73.944869
540,40.801076,-73.931952
541,40.801585,-73.931576
542,40.801993,-73.931526
543,40.80733,-73.936996
544,40.861845,-73.923703
545,40.859786,-73.922601
546,40.862003,-73.92327
547,40.860347,-73.922191
548,40.86216,-73.922838
549,40.860895,-73.921794
550,40.862118,-73.920893
0,40.710665,-73.986607
1,40.813231,-73.948687
2,40.810886,-73.948364
3,40.711729,-73.998571
4,40.711637,-73.997077
5,40.713538,-73.979759
6,40.801368,-73.934113
7,40.718647,-73.976363
8,40.719822,-73.983696
9,40.83108,-73.943083
10,40.749293,-74.000768
0,40.875834,-73.90767
1,40.875539,-73.908675
2,40.877236,-73.908765
3,40.874644,-73.909266
4,40.873863,-73.908255
5,40.873731,-73.907554
6,40.824952,-73.877152
7,40.825037,-73.877173
8,40.825147,-73.877642
9,40.816017,-73.907161
10,40.816708,-73.907124
11,40.817067,-73.906505
12,40.817325,-73.905268
13,40.817055,-73.904858
14,40.816091,-73.904958
15,40.815604,-73.905095
16,40.819959,-73.863352
17,40.821164,-73.863406
18,40.877047,-73.907186
19,40.822824,-73.919573
20,40.824074,-73.917586
21,40.811765,-73.916664
22,40.811435,-73.914831
23,40.811317,-73.914899
24,40.813814,-73.917964
25,40.813118,-73.916008
26,40.814048,-73.918508
27,40.812867,-73.915255
28,40.812751,-73.915984
29,40.812618,-73.915586
30,40.813493,-73.917217
31,40.813044,-73.915787
32,40.813015,-73.915698
33,40.812329,-73.915979
34,40.814165,-73.91878
35,40.814106,-73.918643
36,40.813639,-73.917557
37,40.814532,-73.918623
38,40.814576,-73.917875
39,40.813137,-73.914827
40,40.825054,-73.888143
41,40.824352,-73.888419
42,40.824942,-73.890586
43,40.82498,-73.889643
44,40.819375,-73.899155
45,40.819499,-73.899663
46,40.825187,-73.903768
47,40.82655,-73.903464
48,40.826384,-73.90281
49,40.826322,-73.902551
50,40.824911,-73.902625
51,40.825336,-73.904669
52,40.835168,-73.850595
53,40.811132,-73.922137
54,40.816221,-73.908799
55,40.816305,-73.908588
56,40.818233,-73.907247
57,40.816373,-73.90845
58,40.821355,-73.907899
59,40.820737,-73.90816
60,40.820391,-73.908616
61,40.821423,-73.908518
62,40.816221,-73.908799
63,40.816305,-73.908588
64,40.818233,-73.907247
65,40.816373,-73.90845
66,40.822852,-73.918858
67,40.82309,-73.918014
68,40.822482,-73.917007
69,40.821991,-73.917271
70,40.821872,-73.919094
71,40.822027,-73.91968
72,40.822138,-73.919973
73,40.827561,-73.88819
74,40.814509,-73.910422
75,40.814409,-73.909897
76,40.814509,-73.910422
77,40.814409,-73.909897
78,40.825826,-73.890051
79,40.825848,-73.890008
80,40.826629,-73.889617
81,40.811532,-73.922191
82,40.811575,-73.922298
83,40.812344,-73.923182
84,40.812611,-73.92104
85,40.811429,-73.916743
86,40.811646,-73.91954
87,40.811696,-73.91966
88,40.811981,-73.919417
89,40.811915,-73.919234
90,40.811871,-73.919112
91,40.811761,-73.918808
92,40.811695,-73.918625
93,40.811116,-73.915822
94,40.811191,-73.916042
95,40.811267,-73.916262
96,40.811343,-73.916482
97,40.811418,-73.916702
98,40.81158,-73.918422
99,40.813197,-73.909687
100,40.812966,-73.909403
101,40.825702,-73.888539
102,40.825939,-73.888049
103,40.826278,-73.887645
104,40.844457,-73.829026
105,40.817637,-73.866159
106,40.818363,-73.867818
107,40.818216,-73.868937
108,40.81819,-73.869113
109,40.816882,-73.867872
110,40.816955,-73.86733
111,40.81705,-73.866625
112,40.817101,-73.866246
113,40.815357,-73.865625
114,40.81632,-73.866621
115,40.816229,-73.867272
116,40.814634,-73.865754
117,40.814804,-73.865495
118,40.820003,-73.868668
119,40.820391,-73.869127
120,40.820012,-73.868978
121,40.820355,-73.869391
122,40.820319,-73.869654
123,40.820292,-73.869851
124,40.819948,-73.870183
125,40.8197,-73.870127
126,40.819328,-73.870043
127,40.81908,-73.869987
128,40.818709,-73.869904
129,40.819493,-73.87008
130,40.818874,-73.869941
131,40.81851,-73.869183
132,40.818498,-73.869281
133,40.818295,-73.869811
134,40.820528,-73.868091
135,40.81974,-73.868164
136,40.81878,-73.86794
137,40.818906,-73.867447
138,40.818881,-73.867001
139,40.821845,-73.871057
140,40.873768,-73.906786
141,40.87439,-73.906552
142,40.875162,-73.906394
143,40.876299,-73.906881
144,40.868129,-73.870258
145,40.869152,-73.870287
146,40.869512,-73.869497
147,40.868104,-73.869649
148,40.867761,-73.868916
149,40.868084,-73.86845
150,40.86809,-73.869107
151,40.869512,-73.869347
152,40.869517,-73.868521
153,40.869524,-73.867983
154,40.868866,-73.867511
155,40.868691,-73.867518
156,40.868814,-73.870278
157,40.86693,-73.868539
158,40.819724,-73.918356
159,40.821169,-73.917737
160,40.819882,-73.919555
161,40.82142,-73.918701
162,40.82004,-73.920152
163,40.821568,-73.919251
164,40.819993,-73.921291
165,40.820799,-73.920989
166,40.818357,-73.917978
167,40.819124,-73.918111
168,40.880105,-73.900657
169,40.862386,-73.865954
170,40.870001,-73.90638
171,40.861543,-73.861943
172,40.859415,-73.864538
173,40.859427,-73.863357
174,40.859431,-73.862612
175,40.858748,-73.864445
176,40.859502,-73.862014
177,40.85827,-73.864452
178,40.858104,-73.864173
179,40.858675,-73.862035
180,40.888014,-73.84367
181,40.888044,-73.842019
182,40.887608,-73.841852
183,40.887202,-73.841698
184,40.887924,-73.844258
185,40.886603,-73.845703
186,40.886518,-73.845451
187,40.885917,-73.844868
188,40.886048,-73.844338
189,40.885754,-73.843832
190,40.885405,-73.845922
191,40.885365,-73.845622
192,40.885555,-73.846229
193,40.886297,-73.845832
194,40.886054,-73.847815
195,40.886277,-73.847665
196,40.885603,-73.848126
197,40.885854,-73.84795
198,40.885367,-73.845871
199,40.885023,-73.845652
200,40.885174,-73.845416
201,40.884838,-73.848634
202,40.884165,-73.848629
203,40.883818,-73.847808
204,40.88349,-73.847029
205,40.883314,-73.84661
206,40.875327,-73.866758
207,40.876376,-73.866732
208,40.877111,-73.866114
209,40.876765,-73.86505
210,40.876372,-73.86493
211,40.875177,-73.865612
212,40.824581,-73.902689
213,40.823556,-73.903027
214,40.822977,-73.903512
215,40.823328,-73.903124
216,40.824904,-73.904022
217,40.823164,-73.904284
218,40.823416,-73.905346
219,40.824332,-73.90511
220,40.822901,-73.904625
221,40.821659,-73.905403
222,40.82276,-73.904046
223,40.821512,-73.904785
224,40.82215,-73.903601
225,40.824823,-73.904893
226,40.819155,-73.888867
227,40.836288,-73.887517
228,40.835611,-73.885888
229,40.805927,-73.920171
230,40.806554,-73.919412
231,40.80528,-73.918804
232,40.806414,-73.919085
233,40.808016,-73.921956
234,40.808068,-73.922968
235,40.807817,-73.923399
236,40.829744,-73.887291
237,40.835179,-73.875223
238,40.834767,-73.875122
239,40.834241,-73.875156
240,40.835874,-73.876979
241,40.834093,-73.876253
242,40.835133,-73.878124
243,40.833977,-73.877449
244,40.833973,-73.877134
245,40.8344,-73.878955
246,40.833908,-73.875171
247,40.827453,-73.899675
248,40.826566,-73.898987
249,40.826718,-73.899595
250,40.826123,-73.900242
251,40.826154,-73.900378
252,40.826343,-73.899445
253,40.826265,-73.899111
254,40.822454,-73.908542
255,40.825057,-73.91619
256,40.83251,-73.901555
257,40.833858,-73.900162
258,40.833796,-73.900203
259,40.833734,-73.900244
260,40.833528,-73.899809
261,40.833627,-73.900802
262,40.833547,-73.900856
263,40.833467,-73.90091
264,40.818745,-73.823675
265,40.818832,-73.823436
266,40.818861,-73.823366
267,40.818948,-73.823107
268,40.81917,-73.822447
269,40.819268,-73.822161
270,40.820354,-73.82444
271,40.820456,-73.82414
272,40.820609,-73.82369
273,40.820694,-73.82344
274,40.82083,-73.82304
275,40.821012,-73.82356
276,40.821165,-73.823109
277,40.82125,-73.822858
278,40.821265,-73.822827
279,40.821591,-73.821873
280,40.821783,-73.821343
281,40.823292,-73.822594
282,40.822428,-73.825077
283,40.822625,-73.824678
284,40.822765,-73.824393
285,40.823025,-73.823875
286,40.823235,-73.823449
287,40.822702,-73.825316
288,40.822843,-73.825031
289,40.823039,-73.824632
290,40.823359,-73.823992
291,40.824211,-73.825423
292,40.824299,-73.825228
293,40.823034,-73.827396
294,40.822252,-73.826227
295,40.821327,-73.825962
296,40.820859,-73.824011
297,40.822742,-73.828405
298,40.821913,-73.828885
299,40.821604,-73.827539
300,40.831948,-73.889082
301,40.832401,-73.888819
302,40.832466,-73.888311
303,40.833688,-73.888591
304,40.834035,-73.888385
305,40.834218,-73.888277
306,40.834207,-73.887729
307,40.841344,-73.880675
308,40.882569,-73.833279
309,40.883548,-73.833626
310,40.883581,-73.83319
311,40.881762,-73.832499
312,40.829809,-73.912819
313,40.828954,-73.915349
314,40.830277,-73.912003
315,40.829,-73.913747
316,40.82864,-73.913509
317,40.828941,-73.913332
318,40.830147,-73.913095
319,40.830635,-73.912809
320,40.83043,-73.913449
321,40.830204,-73.913585
322,40.829969,-73.913401
323,40.82879,-73.913421
324,40.828663,-73.913501
325,40.831744,-73.913748
326,40.830926,-73.913626
327,40.830635,-73.913801
328,40.833132,-73.906804
329,40.832849,-73.906262
330,40.833127,-73.908854
331,40.833549,-73.907993
332,40.83296,-73.908946
333,40.82978,-73.907505
334,40.832152,-73.908652
335,40.832461,-73.909224
336,40.834992,-73.930331
337,40.835959,-73.929666
338,40.837096,-73.928517
339,40.837529,-73.928096
340,40.837579,-73.92805
341,40.837478,-73.928142
342,40.834417,-73.925741
343,40.835286,-73.927391
344,40.835326,-73.927512
345,40.806323,-73.912731
346,40.806087,-73.913216
347,40.806012,-73.913037
348,40.862936,-73.861238
349,40.862921,-73.860541
350,40.86292,-73.860507
351,40.862826,-73.86147
352,40.861389,-73.860816
353,40.861363,-73.859533
354,40.86179,-73.857874
355,40.861438,-73.857826
356,40.860932,-73.85859
357,40.860967,-73.857754
358,40.860497,-73.858601
359,40.86069,-73.857715
360,40.860062,-73.858611
361,40.860413,-73.857673
362,40.835628,-73.927341
363,40.837627,-73.925183
364,40.836148,-73.926181
365,40.836216,-73.926624
366,40.820715,-73.850309
367,40.820794,-73.849716
368,40.818935,-73.850474
369,40.819718,-73.84841
370,40.818542,-73.849826
371,40.818379,-73.848103
372,40.817133,-73.850527
373,40.816998,-73.848108
374,40.852605,-73.911226
375,40.852022,-73.911975
376,40.852344,-73.911516
377,40.852701,-73.91165
378,40.852776,-73.911089
379,40.847183,-73.887918
380,40.832661,-73.877056
381,40.83765,-73.900406
382,40.883701,-73.842257
383,40.882451,-73.844666
384,40.882688,-73.84433
385,40.882437,-73.844694
386,40.882569,-73.844498
387,40.882806,-73.844162
388,40.825881,-73.880957
389,40.887219,-73.847638
390,40.826589,-73.868389
391,40.825227,-73.868688
392,40.825166,-73.86917
393,40.825245,-73.869898
394,40.825464,-73.870127
395,40.826103,-73.870796
396,40.826829,-73.87145
397,40.826952,-73.870539
398,40.825908,-73.87059
399,40.827125,-73.869244
400,40.827185,-73.868798
401,40.827292,-73.868012
402,40.827117,-73.8682
403,40.825462,-73.866966
404,40.82733,-73.867725
405,40.827398,-73.867227
406,40.827519,-73.8663
407,40.82739,-73.865549
408,40.82563,-73.865801
409,40.825593,-73.866077
410,40.825695,-73.86532
411,40.825748,-73.864914
412,40.826926,-73.865002
413,40.827683,-73.865054
414,40.827741,-73.864601
415,40.827815,-73.864091
416,40.825754,-73.864868
417,40.825761,-73.864816
418,40.804968,-73.918533
419,40.80571,-73.91743
420,40.805516,-73.916968
421,40.805297,-73.916447
422,40.805078,-73.915925
423,40.804026,-73.915868
424,40.808692,-73.927331
425,40.81025,-73.926037
426,40.809536,-73.925749
427,40.809294,-73.92593
428,40.808552,-73.92649
429,40.808994,-73.925149
430,40.808964,-73.925076
431,40.808686,-73.923452
432,40.80767,-73.924184
433,40.809638,-73.927896
434,40.842678,-73.893938
435,40.843001,-73.895121
436,40.822242,-73.868236
437,40.822095,-73.868203
438,40.821762,-73.868128
439,40.821899,-73.867945
440,40.821389,-73.868038
441,40.821187,-73.867989
442,40.820873,-73.867988
443,40.820791,-73.868613
444,40.820757,-73.868905
445,40.821539,-73.868727
446,40.821731,-73.869095
447,40.822476,-73.870456
448,40.822459,-73.870582
449,40.822179,-73.869951
450,40.822175,-73.869194
451,40.82184,-73.868564
452,40.821957,-73.869549
453,40.822266,-73.869751
454,40.822413,-73.87093
455,40.822273,-73.870696
456,40.82192,-73.87062
457,40.821074,-73.869313
458,40.820965,-73.869201
459,40.820662,-73.869116
460,40.820723,-73.869137
461,40.820687,-73.8694
462,40.820642,-73.869729
463,40.820862,-73.870389
464,40.820615,-73.869926
465,40.822176,-73.900797
466,40.822692,-73.901647
467,40.834319,-73.908197
468,40.834738,-73.907955
469,40.83531,-73.907635
470,40.834959,-73.905087
471,40.83471,-73.905227
472,40.834378,-73.905413
473,40.834087,-73.905577
474,40.833381,-73.905973
475,40.833036,-73.90486
476,40.834166,-73.905063
477,40.83433,-73.90497
478,40.834621,-73.904808
479,40.834304,-73.90402
480,40.836359,-73.90704
481,40.836849,-73.906742
482,40.835637,-73.904234
483,40.836595,-73.903698
484,40.837304,-73.902923
485,40.837055,-73.903446
486,40.837178,-73.903847
487,40.83681,-73.904049
488,40.83649,-73.904225
489,40.831633,-73.911279
490,40.832829,-73.910132
491,40.832916,-73.910082
492,40.83309,-73.909982
493,40.833851,-73.909545
494,40.833264,-73.909882
495,40.833177,-73.909932
496,40.833003,-73.910032
497,40.832742,-73.910182
498,40.837986,-73.906489
499,40.846816,-73.920859
500,40.847043,-73.921465
501,40.847163,-73.921966
502,40.846155,-73.921723
503,40.847138,-73.921835
504,40.845887,-73.922067
505,40.847172,-73.922
506,40.852094,-73.917679
507,40.850783,-73.915279
508,40.850854,-73.915198
509,40.850919,-73.915128
510,40.851037,-73.914951
511,40.855806,-73.896076
512,40.871039,-73.854088
513,40.871026,-73.853494
514,40.871007,-73.852376
515,40.870989,-73.851095
516,40.871358,-73.850416
517,40.870442,-73.850158
518,40.869606,-73.850738
519,40.869613,-73.85112
520,40.869632,-73.852073
521,40.869699,-73.854405
522,40.821913,-73.866407
523,40.821123,-73.86557
524,40.821446,-73.863224
525,40.823003,-73.863594
526,40.823306,-73.86426
527,40.823066,-73.866058
528,40.82259,-73.86672
529,40.823265,-73.867056
530,40.82365,-73.86417
531,40.823491,-73.865371
532,40.823239,-73.864768
533,40.823128,-73.865597
534,40.813,-73.923897
535,40.812547,-73.924759
536,40.811994,-73.925848
537,40.812369,-73.925113
538,40.81291,-73.925598
539,40.813473,-73.925185
540,40.814346,-73.924546
541,40.814625,-73.924149
542,40.815426,-73.923759
543,40.814622,-73.921893
544,40.81483,-73.923805
545,40.815047,-73.921775
546,40.8147,-73.921961
547,40.813572,-73.922841
548,40.813844,-73.923551
549,40.819442,-73.846684
550,40.819566,-73.845756
551,40.818555,-73.847703
552,40.819112,-73.84548
553,40.817182,-73.846746
554,40.817995,-73.844857
555,40.817266,-73.888671
556,40.817378,-73.888737
557,40.81749,-73.888804
558,40.817602,-73.88887
559,40.817723,-73.888942
560,40.817802,-73.888989
561,40.817883,-73.889036
562,40.817963,-73.889083
563,40.818043,-73.88913
564,40.818124,-73.889177
565,40.818244,-73.88925
566,40.818394,-73.889342
567,40.850024,-73.892473
0,40.610482,-73.753728
1,40.698392,-73.796512
2,40.698226,-73.796388
3,40.697728,-73.796016
4,40.697546,-73.795879
5,40.697363,-73.795743
6,40.695256,-73.794215
7,40.694858,-73.79392
8,40.694545,-73.793686
9,40.697906,-73.795651
10,40.697723,-73.795515
11,40.697541,-73.795378
12,40.698458,-73.796561
13,40.698718,-73.796258
14,40.698831,-73.795831
15,40.69847,-73.796073
16,40.697946,-73.795177
17,40.697079,-73.794529
18,40.696567,-73.794163
19,40.695323,-73.793768
20,40.69518,-73.793143
21,40.694336,-73.792535
22,40.6948,-73.793379
23,40.736388,-73.851154
24,40.736155,-73.850029
25,40.736614,-73.848419
26,40.766165,-73.831033
27,40.766553,-73.830783
28,40.766078,-73.830154
29,40.765868,-73.830913
30,40.766886,-73.828194
31,40.706381,-73.789005
32,40.773142,-73.933583
33,40.77327,-73.932588
34,40.773727,-73.932328
35,40.77454,-73.933409
36,40.773162,-73.933666
37,40.774781,-73.934168
38,40.774824,-73.934302
39,40.775129,-73.935251
40,40.774028,-73.936436
41,40.775397,-73.935998
42,40.774836,-73.936292
43,40.774093,-73.936626
44,40.772826,-73.9337
45,40.772874,-73.934054
46,40.772874,-73.934042
47,40.772874,-73.934031
48,40.774046,-73.936482
49,40.774034,-73.936444
50,40.774028,-73.936425
51,40.773742,-73.936655
52,40.773775,-73.93675
53,40.773794,-73.936807
54,40.757363,-73.833717
55,40.758027,-73.833932
56,40.758055,-73.833917
57,40.758169,-73.83369
58,40.758175,-73.833708
59,40.780315,-73.843288
60,40.595947,-73.772427
61,40.596238,-73.772637
62,40.59604,-73.772161
63,40.596358,-73.772225
64,40.75777,-73.909779
65,40.757345,-73.909034
66,40.757044,-73.908373
67,40.757641,-73.909893
68,40.75718,-73.908672
69,40.756299,-73.908315
70,40.757278,-73.910188
71,40.75563,-73.908565
72,40.756993,-73.910917
73,40.755058,-73.910263
74,40.755334,-73.908675
75,40.755667,-73.911553
76,40.755003,-73.910147
77,40.754886,-73.9099
78,40.755124,-73.90876
79,40.754724,-73.910374
80,40.754594,-73.910099
81,40.754441,-73.909772
82,40.754096,-73.911053
83,40.753588,-73.910783
84,40.684703,-73.782201
85,40.684486,-73.782916
86,40.684966,-73.78366
87,40.684927,-73.783162
88,40.685096,-73.783737
89,40.680169,-73.791292
90,40.680537,-73.783507
91,40.706678,-73.798904
92,40.708473,-73.790745
93,40.610133,-73.753366
94,40.610494,-73.753288
95,40.610292,-73.753771
96,40.608786,-73.752875
97,40.609872,-73.750395
98,40.609253,-73.751174
99,40.691574,-73.808796
100,40.610259,-73.749909
101,40.610254,-73.749702
102,40.693864,-73.792196
103,40.69346,-73.791898
104,40.693553,-73.791967
105,40.692345,-73.791803
106,40.693662,-73.792745
107,40.73689,-73.810757
108,40.736872,-73.810759
109,40.736783,-73.810769
110,40.736522,-73.810788
111,40.736631,-73.81078
112,40.736558,-73.810785
113,40.736723,-73.810773
114,40.734681,-73.814447
115,40.734704,-73.814446
116,40.734394,-73.814468
117,40.734433,-73.814466
118,40.734493,-73.814463
119,40.734514,-73.814462
120,40.735006,-73.810897
121,40.735043,-73.810895
122,40.735149,-73.810887
123,40.734896,-73.810904
124,40.734768,-73.810911
125,40.734951,-73.8109
126,40.732399,-73.812271
127,40.732385,-73.812395
128,40.732359,-73.812545
129,40.732791,-73.814571
130,40.732743,-73.814574
131,40.732235,-73.811067
132,40.732012,-73.812068
133,40.731982,-73.812332
134,40.731966,-73.812419
135,40.730512,-73.814623
136,40.731565,-73.814672
137,40.730194,-73.814803
138,40.730506,-73.814569
139,40.730402,-73.812819
140,40.730404,-73.812742
141,40.731504,-73.811109
142,40.754702,-73.943871
143,40.754818,-73.944296
144,40.754598,-73.94397
145,40.754715,-73.944394
146,40.755501,-73.945557
147,40.755453,-73.945602
148,40.755548,-73.946046
149,40.755261,-73.945785
150,40.755549,-73.945512
151,40.756317,-73.947141
152,40.755681,-73.947759
153,40.755945,-73.942656
154,40.756064,-73.943078
155,40.755845,-73.942754
156,40.755968,-73.943172
157,40.756759,-73.944204
158,40.756895,-73.944617
159,40.756662,-73.944308
160,40.756639,-73.944333
161,40.756615,-73.944359
162,40.757677,-73.945653
163,40.757473,-73.945877
164,40.75624,-73.947754
165,40.756058,-73.947931
166,40.757278,-73.946669
167,40.756607,-73.947397
168,40.762324,-73.937988
169,40.761357,-73.935655
170,40.762638,-73.937851
171,40.763834,-73.936993
172,40.763719,-73.93706
173,40.764027,-73.936964
174,40.763712,-73.936289
175,40.760948,-73.936045
176,40.760335,-73.937355
177,40.761833,-73.938246
178,40.761564,-73.938413
179,40.762135,-73.938058
180,40.762354,-73.938071
181,40.762649,-73.933869
182,40.762608,-73.933918
183,40.761938,-73.932491
184,40.760743,-73.932149
185,40.761382,-73.932119
186,40.761299,-73.934841
187,40.761433,-73.935132
188,40.761455,-73.93518
189,40.761193,-73.935276
190,40.761092,-73.935227
191,40.761055,-73.935146
192,40.760159,-73.933187
193,40.759884,-73.933439
194,40.759571,-73.933727
195,40.759207,-73.934931
196,40.760755,-73.935694
197,40.760522,-73.935917
198,40.763787,-73.937486
199,40.592193,-73.799589
200,40.671889,-73.798525
201,40.672048,-73.802901
202,40.597506,-73.785495
203,40.597509,-73.785443
204,40.597519,-73.785221
205,40.597522,-73.785153
206,40.597533,-73.784932
207,40.597535,-73.78488
208,40.5976,-73.782946
209,40.597601,-73.782917
210,40.597608,-73.7827
211,40.597609,-73.782671
212,40.596247,-73.782147
213,40.595418,-73.782066
214,40.595414,-73.782135
215,40.59523,-73.784757
216,40.595226,-73.784823
217,40.595113,-73.786421
218,40.595108,-73.7865
219,40.596388,-73.782165
220,40.592631,-73.785827
221,40.593318,-73.78589
222,40.593808,-73.785935
223,40.594854,-73.785425
224,40.59405,-73.78466
225,40.593524,-73.78461
226,40.592891,-73.784548
0,40.88632,-73.843415
1,40.887109,-73.844647
2,40.887066,-73.844866
3,40.886986,-73.843969
4,40.887156,-73.845213
5,40.886348,-73.843219
0,40.673288,-73.936496
1,40.672941,-73.938042
2,40.673569,-73.938788
3,40.673985,-73.938746
4,40.674475,-73.938758
5,40.673991,-73.936436
6,40.675277,-73.938048
7,40.67524,-73.93741
8,40.675207,-73.936712
9,40.70422,-73.964575
10,40.703229,-73.964591
11,40.703546,-73.964634
12,40.704362,-73.965546
13,40.704701,-73.966196
14,40.704982,-73.964889
15,40.706118,-73.963992
16,40.705889,-73.963474
17,40.705352,-73.962804
18,40.705078,-73.963235
19,40.704779,-73.963704
20,40.70823,-73.966151
21,40.708881,-73.967123
22,40.708097,-73.966502
23,40.708018,-73.965825
24,40.701275,-73.940321
25,40.701996,-73.940363
26,40.701732,-73.93834
27,40.701923,-73.937584
28,40.703413,-73.938025
29,40.703833,-73.938625
30,40.703869,-73.939497
31,40.703824,-73.940004
32,40.704142,-73.940125
33,40.703168,-73.944021
34,40.703515,-73.943338
35,40.703884,-73.944132
36,40.704259,-73.943171
37,40.69549,-73.968083
38,40.695386,-73.968063
39,40.694704,-73.967931
40,40.69434,-73.968294
41,40.685019,-73.962437
42,40.633435,-73.922397
43,40.634214,-73.922479
44,40.635668,-73.922321
45,40.633411,-73.921568
46,40.634136,-73.922471
47,40.636049,-73.921591
48,40.635999,-73.921685
49,40.633416,-73.921492
50,40.633466,-73.920752
51,40.636226,-73.921332
52,40.636447,-73.920828
53,40.6336,-73.920508
54,40.634002,-73.91989
55,40.636455,-73.920813
56,40.636487,-73.920753
57,40.634027,-73.919851
58,40.636471,-73.920783
59,40.634887,-73.919118
60,40.635498,-73.919178
61,40.635845,-73.919213
62,40.647743,-73.897182
63,40.648024,-73.895516
64,40.648346,-73.895308
65,40.648153,-73.89415
66,40.648644,-73.893398
67,40.649919,-73.893387
68,40.649247,-73.892536
69,40.648039,-73.897511
70,40.64845,-73.89689
71,40.649317,-73.895551
72,40.650074,-73.89412
73,40.650501,-73.894026
74,40.651148,-73.892805
75,40.649563,-73.896656
76,40.64954,-73.895871
77,40.650101,-73.895018
78,40.65124,-73.894864
79,40.651566,-73.893262
80,40.650289,-73.897461
81,40.651073,-73.896751
82,40.651138,-73.896646
83,40.651427,-73.896183
84,40.651688,-73.895371
85,40.651994,-73.893123
86,40.652128,-73.895859
87,40.653035,-73.894395
88,40.652189,-73.895926
89,40.652305,-73.896052
90,40.654052,-73.89576
91,40.654082,-73.89517
92,40.672749,-73.918267
93,40.672431,-73.918488
94,40.672369,-73.917305
95,40.681251,-73.908944
96,40.681238,-73.908502
97,40.680751,-73.908396
98,40.685897,-73.917575
99,40.594273,-73.938027
100,40.594152,-73.939053
101,40.593984,-73.940577
102,40.59494,-73.940624
103,40.594558,-73.940554
104,40.595057,-73.93817
105,40.595414,-73.938237
106,40.595929,-73.938922
107,40.595771,-73.940434
108,40.596336,-73.939236
109,40.597223,-73.938578
110,40.59625,-73.940027
111,40.596717,-73.940958
112,40.597985,-73.941204
113,40.597398,-73.94109
114,40.597684,-73.938664
115,40.598146,-73.938751
116,40.597147,-73.938127
117,40.597916,-73.938272
118,40.598577,-73.937419
119,40.598646,-73.936836
120,40.598725,-73.936094
121,40.597882,-73.935808
122,40.596612,-73.936656
123,40.59653,-73.937418
124,40.596071,-73.937611
125,40.596198,-73.936471
126,40.595948,-73.935478
127,40.595293,-73.935345
128,40.594464,-73.936254
129,40.594377,-73.937092
130,40.594298,-73.937853
131,40.595342,-73.937788
132,40.596125,-73.941072
133,40.698486,-73.982066
134,40.699505,-73.980706
135,40.699565,-73.982525
136,40.699915,-73.980779
137,40.699971,-73.982593
138,40.701186,-73.982392
139,40.699954,-73.983521
140,40.701197,-73.982813
141,40.70128,-73.984546
142,40.701241,-73.983823
143,40.694961,-73.978876
144,40.694578,-73.978847
145,40.694789,-73.978516
146,40.695677,-73.978016
147,40.694468,-73.978713
148,40.695969,-73.97807
149,40.694855,-73.97887
150,40.694549,-73.979027
151,40.69411,-73.976823
152,40.694134,-73.976827
153,40.694144,-73.977427
154,40.690035,-73.960019
155,40.690343,-73.958829
156,40.690431,-73.958098
157,40.689394,-73.959894
158,40.689167,-73.958952
159,40.689186,-73.95879
160,40.68927,-73.958061
161,40.687345,-73.951192
162,40.687428,-73.951639
163,40.668012,-73.873319
164,40.668033,-73.873267
165,40.668941,-73.87376
166,40.66891,-73.873737
167,40.668815,-73.873667
168,40.66872,-73.873597
169,40.668625,-73.873527
170,40.66853,-73.873457
171,40.667104,-73.873511
172,40.667297,-73.87408
173,40.667354,-73.873955
174,40.667382,-73.873893
175,40.66741,-73.873831
176,40.667437,-73.873768
177,40.667465,-73.873706
178,40.667645,-73.873296
179,40.667668,-73.873241
180,40.66757,-73.872743
181,40.667496,-73.872688
182,40.667459,-73.872661
183,40.667386,-73.872605
184,40.667539,-73.873338
185,40.667461,-73.87328
186,40.66726,-73.873628
187,40.667221,-73.873599
188,40.667182,-73.873569
189,40.698422,-73.953407
190,40.697797,-73.953283
191,40.673566,-74.001959
192,40.674595,-74.008199
193,40.679496,-73.921837
194,40.679119,-73.923134
195,40.679181,-73.924291
196,40.679811,-73.925211
197,40.679176,-73.924201
198,40.679152,-73.923756
199,40.680791,-73.922535
200,40.680572,-73.925362
201,40.680644,-73.925375
202,40.681268,-73.925511
203,40.681593,-73.924138
204,40.681622,-73.923886
205,40.681558,-73.922683
206,40.691189,-73.919496
207,40.687802,-73.911486
208,40.688246,-73.912273
209,40.68737,-73.911526
210,40.687082,-73.911808
211,40.676377,-74.004703
212,40.676134,-74.004648
213,40.684957,-73.98865
214,40.684279,-73.986876
215,40.684772,-73.988777
216,40.68366,-73.98833
217,40.684159,-73.986964
218,40.684283,-73.989103
219,40.683528,-73.987984
220,40.683679,-73.989502
221,40.683368,-73.98853
222,40.683369,-73.989715
223,40.683097,-73.989901
224,40.682706,-73.987953
225,40.682894,-73.990036
226,40.682076,-73.988371
227,40.677022,-74.010286
228,40.676686,-74.010698
229,40.676688,-74.005298
230,40.676994,-74.00638
231,40.67671,-74.006942
232,40.676351,-74.007113
233,40.676134,-74.007214
234,40.675019,-74.001997
235,40.674748,-74.002337
236,40.674122,-74.002436
237,40.674465,-74.002273
238,40.674338,-74.004337
239,40.674292,-74.00436
240,40.674408,-74.005661
241,40.673924,-74.004596
242,40.675528,-74.004872
243,40.675827,-74.004805
244,40.675582,-74.001721
245,40.675654,-74.009765
246,40.675105,-74.005171
247,40.675128,-74.006368
248,40.674372,-74.006172
249,40.67479,-74.006409
250,40.67562,-74.007456
251,40.6753,-74.008296
252,40.675281,-74.007616
253,40.689049,-73.95067
254,40.689059,-73.950595
255,40.689116,-73.950142
256,40.6888,-73.949151
257,40.687669,-73.949534
258,40.687698,-73.949281
259,40.687794,-73.948438
260,40.68649,-73.949634
261,40.686547,-73.94913
262,40.687946,-73.950021
263,40.688447,-73.949338
264,40.688003,-73.949514
265,40.699756,-73.950294
266,40.699152,-73.950184
267,40.698404,-73.950031
268,40.697836,-73.94992
269,40.698792,-73.950109
270,40.699422,-73.95188
271,40.697604,-73.950956
272,40.699374,-73.952326
273,40.697505,-73.951784
274,40.699326,-73.952772
275,40.697419,-73.952489
276,40.698177,-73.952919
277,40.698869,-73.95306
278,40.69762,-73.952811
279,40.697378,-73.950005
280,40.696312,-73.94961
281,40.696817,-73.949707
282,40.697305,-73.950661
283,40.695875,-73.949526
284,40.697217,-73.95143
285,40.697136,-73.952087
286,40.695652,-73.952419
287,40.696387,-73.952565
288,40.697039,-73.952889
289,40.696019,-73.952492
290,40.698206,-73.944153
291,40.697392,-73.946483
292,40.697862,-73.945853
293,40.698031,-73.94412
294,40.697137,-73.943948
295,40.695944,-73.945703
296,40.696219,-73.946257
297,40.696718,-73.946351
298,40.68827,-73.947207
299,40.687955,-73.947057
300,40.688108,-73.94572
301,40.687324,-73.947381
302,40.68679,-73.947008
303,40.671567,-73.886999
304,40.671445,-73.886478
305,40.671738,-73.886952
306,40.717487,-73.939676
307,40.717814,-73.940109
308,40.718656,-73.939947
309,40.718794,-73.939444
310,40.71912,-73.938165
311,40.719189,-73.937881
312,40.7184,-73.937312
313,40.717861,-73.937073
314,40.717021,-73.937928
315,40.717612,-73.938193
316,40.717694,-73.938991
317,40.694615,-73.981536
318,40.694944,-73.981593
319,40.694088,-73.980732
320,40.694675,-73.981943
321,40.694887,-73.981442
322,40.69407,-73.980732
323,40.69487,-73.981917
324,40.695222,-73.980967
325,40.695199,-73.981362
326,40.694937,-73.981787
327,40.695366,-73.981398
328,40.694943,-73.981918
329,40.695925,-73.939254
330,40.694976,-73.941001
331,40.694819,-73.942368
332,40.694037,-73.942923
333,40.69885,-73.939913
334,40.698078,-73.940871
335,40.698686,-73.938956
336,40.698063,-73.938299
337,40.697258,-73.938139
338,40.696583,-73.940207
339,40.696482,-73.941074
340,40.69692,-73.941072
341,40.696268,-73.942906
342,40.696204,-73.943455
343,40.697475,-73.941185
344,40.698029,-73.941298
345,40.698245,-73.942309
346,40.69423,-73.937074
347,40.694109,-73.935523
348,40.69461,-73.934592
349,40.693411,-73.936916
350,40.693345,-73.935668
351,40.688042,-73.933219
352,40.688434,-73.93273
353,40.687776,-73.935604
354,40.688003,-73.933555
355,40.688802,-73.933182
356,40.688383,-73.930382
357,40.676221,-73.920254
358,40.676166,-73.919527
359,40.676507,-73.919489
360,40.67595,-73.921342
361,40.675949,-73.920909
362,40.676044,-73.926404
363,40.676028,-73.925532
364,40.675993,-73.925505
365,40.676005,-73.925071
366,40.675531,-73.926443
367,40.675814,-73.925989
368,40.675514,-73.925575
369,40.67548,-73.925544
370,40.675491,-73.92511
371,40.675463,-73.92514
372,40.675978,-73.925091
373,40.675088,-73.922915
374,40.675101,-73.922864
375,40.67509,-73.92243
376,40.675562,-73.924697
377,40.676184,-73.934078
378,40.676694,-73.935319
379,40.689719,-73.910827
380,40.689263,-73.910846
381,40.68894,-73.912767
382,40.688509,-73.912016
383,40.692718,-73.916084
384,40.695849,-73.91754
385,40.692423,-73.91946
386,40.692482,-73.919828
387,40.692197,-73.919109
388,40.692377,-73.918963
389,40.692758,-73.918588
390,40.692949,-73.918401
391,40.69333,-73.918026
392,40.693589,-73.917616
393,40.693181,-73.917538
394,40.692747,-73.917966
395,40.692263,-73.918441
396,40.692022,-73.918678
397,40.694677,-73.916711
398,40.694245,-73.917135
399,40.69385,-73.917355
400,40.693655,-73.917074
401,40.694451,-73.915097
402,40.694467,-73.915738
403,40.694238,-73.915963
404,40.694009,-73.916188
405,40.693876,-73.915694
406,40.693779,-73.916413
407,40.69355,-73.916638
408,40.693344,-73.916464
409,40.695601,-73.919309
410,40.696639,-73.918818
411,40.69615,-73.922135
412,40.695686,-73.921308
413,40.697604,-73.920648
414,40.697588,-73.920872
415,40.697226,-73.920573
416,40.696591,-73.921852
417,40.696541,-73.921266
418,40.6963,-73.921676
419,40.697135,-73.919822
420,40.697027,-73.92023
421,40.696113,-73.921154
422,40.695913,-73.920983
423,40.710206,-73.941974
424,40.710538,-73.941192
425,40.709143,-73.941384
426,40.709209,-73.940613
427,40.710405,-73.943676
428,40.71049,-73.942518
429,40.710091,-73.943203
430,40.710533,-73.942723
431,40.708993,-73.943039
432,40.709067,-73.942221
433,40.710175,-73.942194
434,40.710213,-73.941267
435,40.704714,-73.941811
436,40.705323,-73.941379
437,40.705527,-73.941418
438,40.705807,-73.942156
439,40.7056,-73.940997
440,40.705528,-73.94098
441,40.704845,-73.940431
442,40.705403,-73.940956
443,40.706755,-73.941231
444,40.705209,-73.939651
445,40.705481,-73.939701
446,40.697647,-73.921998
447,40.697171,-73.922472
448,40.696789,-73.922198
449,40.696679,-73.922346
450,40.696521,-73.922788
451,40.697408,-73.91809
452,40.696932,-73.916835
453,40.696754,-73.916388
454,40.696588,-73.91601
455,40.696145,-73.915806
456,40.696535,-73.918395
457,40.682215,-73.983049
458,40.682825,-73.984609
459,40.683212,-73.983967
460,40.681839,-73.982525
461,40.679297,-73.981244
462,40.709668,-73.94605
463,40.710228,-73.945147
464,40.710104,-73.946402
465,40.709905,-73.945054
466,40.708681,-73.946237
467,40.708746,-73.945538
468,40.710254,-73.94476
469,40.710291,-73.944208
470,40.708175,-73.960837
471,40.707614,-73.960397
472,40.708331,-73.959399
473,40.707282,-73.958667
474,40.707498,-73.959295
475,40.693294,-73.939887
476,40.692949,-73.939091
477,40.69314,-73.937452
478,40.692988,-73.937266
479,40.671358,-73.874578
480,40.671293,-73.874562
481,40.671228,-73.874545
482,40.671162,-73.874529
483,40.671097,-73.874513
484,40.671031,-73.874496
485,40.670966,-73.87448
486,40.672649,-73.871671
487,40.672529,-73.872444
488,40.672079,-73.874318
489,40.672597,-73.871995
490,40.672351,-73.873683
491,40.671098,-73.874073
492,40.669615,-73.873677
493,40.669582,-73.873665
494,40.669119,-73.873396
495,40.668018,-73.872582
496,40.669385,-73.870681
497,40.668443,-73.87045
498,40.667714,-73.87101
499,40.667178,-73.871103
500,40.667377,-73.872104
501,40.66847,-73.867337
502,40.668486,-73.867244
503,40.668733,-73.865492
504,40.66876,-73.865319
505,40.669051,-73.86331
506,40.669058,-73.86326
507,40.66727,-73.867132
508,40.66728,-73.867056
509,40.667649,-73.864523
510,40.667669,-73.864383
511,40.667711,-73.864033
512,40.667732,-73.863892
513,40.666947,-73.867053
514,40.666957,-73.866977
515,40.667326,-73.864442
516,40.667346,-73.864302
517,40.667388,-73.86395
518,40.667409,-73.863809
519,40.665751,-73.866706
520,40.665763,-73.86664
521,40.666153,-73.8639
522,40.666198,-73.863585
523,40.683014,-73.970608
524,40.692211,-73.9719
525,40.694063,-73.974017
526,40.693892,-73.974208
527,40.694301,-73.974779
528,40.693832,-73.975717
529,40.694609,-73.973459
530,40.694348,-73.975822
531,40.694668,-73.975223
532,40.69509,-73.973537
533,40.695183,-73.975984
534,40.694894,-73.974219
535,40.695216,-73.974893
536,40.695589,-73.976066
537,40.671144,-73.908607
538,40.671992,-73.911077
539,40.671983,-73.911098
540,40.671156,-73.908534
541,40.672262,-73.910431
542,40.671177,-73.908392
543,40.672524,-73.909809
544,40.67192,-73.907662
545,40.672211,-73.907738
546,40.673063,-73.907969
547,40.667907,-73.903907
548,40.667885,-73.90405
549,40.667779,-73.904737
550,40.667669,-73.905487
551,40.667632,-73.905736
552,40.666655,-73.903874
553,40.666643,-73.903951
554,40.666375,-73.905785
555,40.666365,-73.905857
556,40.666094,-73.905416
557,40.666073,-73.905561
558,40.664932,-73.904892
559,40.665171,-73.905436
560,40.666354,-73.903636
561,40.666331,-73.903791
562,40.665124,-73.903523
563,40.665114,-73.903595
564,40.664631,-73.904666
565,40.663611,-73.902866
566,40.663542,-73.903335
567,40.663437,-73.904094
568,40.663337,-73.904774
569,40.667073,-73.909529
570,40.667129,-73.909127
571,40.667241,-73.908324
572,40.666547,-73.909717
573,40.667219,-73.90842
574,40.66584,-73.909389
575,40.665898,-73.908989
576,40.667097,-73.908395
577,40.6667,-73.906404
578,40.667159,-73.90797
579,40.666143,-73.907336
580,40.6664,-73.90633
581,40.665585,-73.908843
582,40.667008,-73.908377
583,40.664721,-73.909246
584,40.666864,-73.908347
585,40.664291,-73.909107
586,40.664358,-73.908681
587,40.666764,-73.908327
588,40.66707,-73.907952
589,40.66584,-73.907114
590,40.665924,-73.906544
591,40.666915,-73.90792
592,40.665433,-73.906071
593,40.666826,-73.907902
594,40.664627,-73.906981
595,40.664762,-73.906083
596,40.66406,-73.908454
597,40.664228,-73.90739
598,40.664284,-73.907036
599,40.664439,-73.906004
600,40.662759,-73.908304
601,40.662817,-73.907523
602,40.663092,-73.90643
603,40.663143,-73.906086
604,40.575107,-73.990102
605,40.57519,-73.989682
606,40.577577,-73.990586
607,40.575076,-73.986762
608,40.576409,-73.999673
609,40.575983,-73.998937
610,40.577566,-73.99931
611,40.57801,-74.000385
612,40.578129,-73.999974
613,40.578927,-74.000125
614,40.580265,-73.999454
615,40.580163,-73.998594
616,40.579503,-73.998514
617,40.578952,-73.998396
618,40.577926,-73.998212
619,40.577449,-74.00028
620,40.57761,-73.999051
621,40.578582,-73.998329
622,40.57768,-73.999889
623,40.577674,-74.000322
624,40.579281,-73.998455
625,40.666765,-73.946137
626,40.572521,-73.997821
627,40.572558,-73.996539
628,40.572569,-73.996341
629,40.572587,-73.995985
630,40.57254,-73.995064
631,40.573711,-73.997423
632,40.573952,-73.997468
633,40.574193,-73.997513
634,40.574426,-73.993877
635,40.57428,-73.999253
636,40.573034,-73.999221
637,40.573971,-73.999194
638,40.573402,-73.999086
639,40.573014,-73.999449
640,40.573924,-73.999621
641,40.573913,-74.000718
642,40.672093,-73.928771
643,40.672082,-73.928574
644,40.67207,-73.928379
645,40.672145,-73.92824
646,40.671813,-73.928269
647,40.671502,-73.928315
648,40.671519,-73.928636
649,40.671175,-73.928346
650,40.671165,-73.928325
651,40.671086,-73.928332
652,40.670644,-73.929001
653,40.670628,-73.928709
654,40.671203,-73.92886
655,40.671304,-73.930725
656,40.671297,-73.930596
657,40.662221,-73.950242
658,40.662225,-73.950178
659,40.662229,-73.950114
660,40.662232,-73.950051
661,40.662236,-73.949987
662,40.66224,-73.949923
663,40.572675,-73.99075
664,40.573315,-73.990862
665,40.572929,-73.991432
666,40.671087,-73.926751
667,40.671069,-73.926435
668,40.67105,-73.926121
669,40.671032,-73.925807
670,40.670963,-73.924608
671,40.672127,-73.92334
672,40.6718,-73.923371
673,40.671789,-73.923177
674,40.671782,-73.923048
675,40.67177,-73.922854
676,40.670953,-73.924415
677,40.671571,-73.925075
678,40.670735,-73.920111
679,40.670636,-73.920019
680,40.670229,-73.921333
681,40.670985,-73.922165
682,40.670816,-73.921777
683,40.670847,-73.919564
684,40.670641,-73.918699
685,40.673015,-73.912698
686,40.672975,-73.913813
687,40.671079,-73.920331
688,40.63344,-73.888879
689,40.633285,-73.888707
690,40.634733,-73.887806
691,40.635263,-73.885183
692,40.635469,-73.885411
693,40.632975,-73.888363
694,40.63313,-73.888535
695,40.634852,-73.884729
696,40.635057,-73.884956
697,40.632486,-73.88781
698,40.632811,-73.888178
699,40.634646,-73.884501
700,40.634441,-73.884274
701,40.631975,-73.88724
702,40.632223,-73.88752
703,40.63141,-73.885813
704,40.631576,-73.885597
705,40.63403,-73.88382
706,40.633618,-73.883365
707,40.631213,-73.886102
708,40.631354,-73.885884
709,40.631632,-73.885526
710,40.631688,-73.885453
711,40.656619,-73.897512
712,40.657682,-73.887333
713,40.657824,-73.887012
714,40.658572,-73.885289
715,40.658712,-73.884957
716,40.657462,-73.884247
717,40.657165,-73.884923
718,40.657017,-73.885262
719,40.656556,-73.886316
720,40.656182,-73.886304
721,40.656329,-73.885965
722,40.65709,-73.884233
723,40.657239,-73.883895
724,40.656052,-73.883309
725,40.655631,-73.884298
726,40.65535,-73.884957
727,40.657584,-73.883104
728,40.65776,-73.882693
729,40.656936,-73.881279
730,40.656694,-73.881829
731,40.66111,-73.883638
732,40.660337,-73.883072
733,40.661553,-73.88286
734,40.660618,-73.883276
735,40.660769,-73.881117
736,40.66214,-73.881519
737,40.661706,-73.880314
738,40.660293,-73.882194
739,40.662363,-73.880798
740,40.661596,-73.880234
741,40.659645,-73.882566
742,40.658759,-73.881907
743,40.660746,-73.881183
744,40.659071,-73.880459
745,40.660095,-73.882653
746,40.659174,-73.880222
747,40.660922,-73.879747
748,40.660066,-73.879119
749,40.670154,-73.878637
750,40.669956,-73.878588
751,40.669856,-73.878564
752,40.669707,-73.878527
753,40.656562,-73.888756
754,40.65609,-73.887379
755,40.657197,-73.887681
756,40.59145,-73.983078
757,40.593507,-73.983531
758,40.593204,-73.98186
759,40.593461,-73.983962
760,40.592844,-73.9843
761,40.592324,-73.984202
762,40.591912,-73.984126
763,40.591406,-73.983499
764,40.591592,-73.981822
765,40.591595,-73.981809
766,40.59358,-73.981947
767,40.593562,-73.980319
768,40.593184,-73.98142
769,40.593161,-73.979664
770,40.593032,-73.979456
771,40.593412,-73.980074
772,40.591814,-73.981163
773,40.591877,-73.978607
774,40.591766,-73.978611
775,40.591208,-73.978633
776,40.591171,-73.981045
777,40.589869,-73.978684
778,40.589981,-73.97868
779,40.589742,-73.978933
780,40.589656,-73.979787
781,40.590781,-73.980975
782,40.666629,-73.898627
783,40.665801,-73.898883
784,40.667212,-73.897927
785,40.66869,-73.898663
786,40.667666,-73.898894
787,40.672479,-73.893041
788,40.672529,-73.892656
789,40.672655,-73.891733
790,40.672602,-73.891475
791,40.67312,-73.891603
792,40.672785,-73.890867
793,40.672811,-73.890704
794,40.672853,-73.890445
795,40.668298,-73.897127
796,40.668509,-73.89674
797,40.667775,-73.896381
798,40.667007,-73.896797
799,40.66702,-73.89636
800,40.66725,-73.895943
801,40.666479,-73.89573
802,40.64973,-73.887154
803,40.650387,-73.886051
804,40.675829,-73.91913
805,40.675373,-73.91921
806,40.673918,-73.923142
807,40.67391,-73.922991
808,40.589923,-73.978196
809,40.59085,-73.978076
810,40.671344,-73.877989
811,40.659277,-73.938281
812,40.659275,-73.938322
813,40.659269,-73.938404
814,40.659267,-73.938445
815,40.659264,-73.938486
816,40.659261,-73.938527
817,40.662151,-73.938624
818,40.659296,-73.937994
819,40.659293,-73.938035
820,40.659291,-73.938076
821,40.659288,-73.938117
822,40.659283,-73.938199
823,40.65928,-73.93824
824,40.661876,-73.927947
825,40.659362,-73.918165
826,40.659368,-73.918156
827,40.659675,-73.918345
828,40.66336,-73.920084
829,40.663275,-73.91955
830,40.663107,-73.919953
831,40.663034,-73.919501
832,40.662945,-73.91992
833,40.662783,-73.919449
834,40.665278,-73.920576
835,40.666922,-73.922721
836,40.66653,-73.922843
837,40.666232,-73.922767
838,40.665934,-73.922692
839,40.665755,-73.922646
840,40.66434,-73.918898
841,40.664213,-73.919307
842,40.665883,-73.921251
843,40.666449,-73.921394
844,40.666057,-73.921734
845,40.667622,-73.919197
846,40.667991,-73.919698
847,40.668076,-73.920331
848,40.667353,-73.920134
849,40.667858,-73.920804
850,40.670543,-73.914415
851,40.670374,-73.915063
852,40.66994,-73.915799
853,40.667494,-73.908907
854,40.667584,-73.908272
855,40.667722,-73.907352
856,40.670347,-73.9073
857,40.670199,-73.904307
858,40.669333,-73.905366
859,40.66948,-73.904379
860,40.668493,-73.904375
861,40.671438,-73.906517
862,40.671638,-73.906131
863,40.671493,-73.90609
864,40.664825,-73.903296
865,40.664737,-73.902487
866,40.665467,-73.90268
0,40.686299,-73.805595
1,40.685286,-73.799962
2,40.699947,-73.791849
3,40.693363,-73.786591
4,40.689213,-73.792765
5,40.684424,-73.789634
6,40.684204,-73.789177
7,40.679856,-73.79115
8,40.680516,-73.789196
9,40.677418,-73.760681
10,40.702026,-73.781515
11,40.69554,-73.778506
12,40.681707,-73.794207
13,40.68471,-73.797132
14,40.692292,-73.807963
15,40.69346,-73.810329
16,40.696882,-73.789143
17,40.720102,-73.805466
18,40.672434,-73.789405
19,40.672423,-73.789407
20,40.672359,-73.789422
21,40.669898,-73.790021
0,40.759157,-73.86708
0,40.706628,-73.71029
1,40.70657,-73.71033
2,40.706551,-73.710342
3,40.706513,-73.710366
4,40.706386,-73.710454
5,40.706329,-73.710487
6,40.706272,-73.710521
7,40.706214,-73.710555
8,40.706157,-73.710589
9,40.706081,-73.710632
10,40.706021,-73.710661
11,40.705961,-73.71069
12,40.705901,-73.71072
0,40.70894,-73.740292
1,40.719723,-73.755955
2,40.70246,-73.741834
3,40.702354,-73.74188
4,40.706541,-73.74445
5,40.705218,-73.741984
6,40.711037,-73.743768
0,40.684008,-73.813182
1,40.677181,-73.804254
2,40.672093,-73.802468
3,40.670279,-73.802439
0,40.71166,-73.758814
0,40.706969,-73.758835
1,40.704386,-73.752895
2,40.699981,-73.75145
3,40.692927,-73.762225
4,40.692927,-73.762225
5,40.695365,-73.754422
6,40.695142,-73.755306
7,40.691087,-73.752757
8,40.69222,-73.754626
9,40.686237,-73.759147
10,40.687485,-73.757852
11,40.698,-73.768111
0,40.698554,-73.743603
0,40.677493,-73.749594
1,40.677531,-73.748566
0,40.621104,-73.73771
1,40.621104,-73.73771
2,40.621104,-73.73771
3,40.621104,-73.73771
4,40.621104,-73.73771
5,40.621104,-73.73771
6,40.613757,-73.748933
7,40.613758,-73.74896
8,40.61285,-73.74937
9,40.613133,-73.750657
0,40.58781,-73.810601
1,40.58787,-73.809987
2,40.587869,-73.81
3,40.587867,-73.810016
4,40.587866,-73.810028
5,40.587865,-73.810041
6,40.588067,-73.808198
7,40.588139,-73.80742
8,40.588143,-73.807369
9,40.589705,-73.807524
10,40.589705,-73.807482
11,40.589706,-73.807566
12,40.589778,-73.809116
13,40.589778,-73.809125
0,40.59606,-73.757748
1,40.596263,-73.757596
0,40.590662,-73.78898
0,40.670436,-73.742632
